Id,Category
1,Dusky Moorhen
2,Spotted Pardalote
3,Rainbow Lorikeet
4,Dusky Moorhen
5,Rainbow Lorikeet
6,Dusky Moorhen
7,Rainbow Lorikeet
8,Galah
9,Rainbow Lorikeet
10,Dusky Moorhen
11,Galah
12,Dusky Moorhen
13,Dusky Moorhen
14,Rainbow Lorikeet
15,Spotted Pardalote
16,Spotted Pardalote
17,Rainbow Lorikeet
18,Galah
19,Dusky Moorhen
20,Rainbow Lorikeet
21,Dusky Moorhen
22,Spotted Pardalote
23,Dusky Moorhen
24,Dusky Moorhen
25,Dusky Moorhen
26,Spotted Pardalote
27,Dusky Moorhen
28,Spotted Pardalote
29,Rainbow Lorikeet
30,Dusky Moorhen
31,Rainbow Lorikeet
32,Rainbow Lorikeet
33,Rainbow Lorikeet
34,Rainbow Lorikeet
35,Dusky Moorhen
36,Rainbow Lorikeet
37,Spotted Pardalote
38,Dusky Moorhen
39,Galah
40,Dusky Moorhen
41,Rainbow Lorikeet
42,Rainbow Lorikeet
43,Dusky Moorhen
44,Dusky Moorhen
45,Rainbow Lorikeet
46,Galah
47,Dusky Moorhen
48,Dusky Moorhen
49,Rainbow Lorikeet
50,Spotted Pardalote
51,Rainbow Lorikeet
52,Rainbow Lorikeet
53,Rainbow Lorikeet
54,Dusky Moorhen
55,Dusky Moorhen
56,Dusky Moorhen
57,Rainbow Lorikeet
58,Dusky Moorhen
59,Rainbow Lorikeet
60,Dusky Moorhen
61,Rainbow Lorikeet
62,Galah
63,Rainbow Lorikeet
64,Spotted Pardalote
65,Rainbow Lorikeet
66,Dusky Moorhen
67,Galah
68,Dusky Moorhen
69,Rainbow Lorikeet
70,Rainbow Lorikeet
71,Dusky Moorhen
72,Dusky Moorhen
73,Dusky Moorhen
74,Rainbow Lorikeet
75,Rainbow Lorikeet
76,Rainbow Lorikeet
77,Rainbow Lorikeet
78,Dusky Moorhen
79,Dusky Moorhen
80,Rainbow Lorikeet
81,Rainbow Lorikeet
82,Spotted Pardalote
83,Dusky Moorhen
84,Dusky Moorhen
85,Dusky Moorhen
86,Rainbow Lorikeet
87,Galah
88,Dusky Moorhen
89,Rainbow Lorikeet
90,Rainbow Lorikeet
91,Spotted Pardalote
92,Rainbow Lorikeet
93,Dusky Moorhen
94,Rainbow Lorikeet
95,Rainbow Lorikeet
96,Spotted Pardalote
97,Dusky Moorhen
98,Rainbow Lorikeet
99,Rainbow Lorikeet
100,Rainbow Lorikeet
101,Rainbow Lorikeet
102,Dusky Moorhen
103,Rainbow Lorikeet
104,Dusky Moorhen
105,Rainbow Lorikeet
106,Spotted Pardalote
107,Dusky Moorhen
108,Rainbow Lorikeet
109,Spotted Pardalote
110,Rainbow Lorikeet
111,Spotted Pardalote
112,Galah
113,Rainbow Lorikeet
114,Rainbow Lorikeet
115,Dusky Moorhen
116,Dusky Moorhen
117,Spotted Pardalote
118,Dusky Moorhen
119,Rainbow Lorikeet
120,Rainbow Lorikeet
121,Dusky Moorhen
122,Dusky Moorhen
123,Dusky Moorhen
124,Dusky Moorhen
125,Rainbow Lorikeet
126,Dusky Moorhen
127,Rainbow Lorikeet
128,Rainbow Lorikeet
129,Rainbow Lorikeet
130,Dusky Moorhen
131,Galah
132,Dusky Moorhen
133,Dusky Moorhen
134,Dusky Moorhen
135,Rainbow Lorikeet
136,Rainbow Lorikeet
137,Rainbow Lorikeet
138,Dusky Moorhen
139,Rainbow Lorikeet
140,Rainbow Lorikeet
141,Rainbow Lorikeet
142,Rainbow Lorikeet
143,Spotted Pardalote
144,Dusky Moorhen
145,Rainbow Lorikeet
146,Spotted Pardalote
147,Spotted Pardalote
148,Rainbow Lorikeet
149,Rainbow Lorikeet
150,Rainbow Lorikeet
151,Rainbow Lorikeet
152,Dusky Moorhen
153,Rainbow Lorikeet
154,Dusky Moorhen
155,Rainbow Lorikeet
156,Rainbow Lorikeet
157,Dusky Moorhen
158,Rainbow Lorikeet
159,Spotted Pardalote
160,Rainbow Lorikeet
161,Rainbow Lorikeet
162,Rainbow Lorikeet
163,Rainbow Lorikeet
164,Dusky Moorhen
165,Rainbow Lorikeet
166,Dusky Moorhen
167,Spotted Pardalote
168,Galah
169,Galah
170,Galah
171,Rainbow Lorikeet
172,Rainbow Lorikeet
173,Spotted Pardalote
174,Spotted Pardalote
175,Rainbow Lorikeet
176,Rainbow Lorikeet
177,Dusky Moorhen
178,Rainbow Lorikeet
179,Rainbow Lorikeet
180,Dusky Moorhen
181,Rainbow Lorikeet
182,Rainbow Lorikeet
183,Rainbow Lorikeet
184,Dusky Moorhen
185,Rainbow Lorikeet
186,Rainbow Lorikeet
187,Dusky Moorhen
188,Rainbow Lorikeet
189,Spotted Pardalote
190,Rainbow Lorikeet
191,Dusky Moorhen
192,Dusky Moorhen
193,Dusky Moorhen
194,Rainbow Lorikeet
195,Dusky Moorhen
196,Rainbow Lorikeet
197,Rainbow Lorikeet
198,Dusky Moorhen
199,Dusky Moorhen
200,Rainbow Lorikeet
201,Rainbow Lorikeet
202,Rainbow Lorikeet
203,Rainbow Lorikeet
204,Spotted Pardalote
205,Rainbow Lorikeet
206,Dusky Moorhen
207,Rainbow Lorikeet
208,Rainbow Lorikeet
209,Rainbow Lorikeet
210,Galah
211,Rainbow Lorikeet
212,Rainbow Lorikeet
213,Rainbow Lorikeet
214,Spotted Pardalote
215,Rainbow Lorikeet
216,Rainbow Lorikeet
217,Dusky Moorhen
218,Galah
219,Rainbow Lorikeet
220,Dusky Moorhen
221,Spotted Pardalote
222,Rainbow Lorikeet
223,Dusky Moorhen
224,Spotted Pardalote
225,Rainbow Lorikeet
226,Galah
227,Galah
228,Dusky Moorhen
229,Rainbow Lorikeet
230,Spotted Pardalote
231,Dusky Moorhen
232,Rainbow Lorikeet
233,Rainbow Lorikeet
234,Rainbow Lorikeet
235,Rainbow Lorikeet
236,Spotted Pardalote
237,Dusky Moorhen
238,Rainbow Lorikeet
239,Dusky Moorhen
240,Rainbow Lorikeet
241,Spotted Pardalote
242,Spotted Pardalote
243,Rainbow Lorikeet
244,Spotted Pardalote
245,Spotted Pardalote
246,Rainbow Lorikeet
247,Rainbow Lorikeet
248,Rainbow Lorikeet
249,Rainbow Lorikeet
250,Dusky Moorhen
251,Rainbow Lorikeet
252,Rainbow Lorikeet
253,Rainbow Lorikeet
254,Dusky Moorhen
255,Dusky Moorhen
256,Rainbow Lorikeet
257,Galah
258,Dusky Moorhen
259,Rainbow Lorikeet
260,Spotted Pardalote
261,Dusky Moorhen
262,Rainbow Lorikeet
263,Spotted Pardalote
264,Rainbow Lorikeet
265,Rainbow Lorikeet
266,Galah
267,Rainbow Lorikeet
268,Spotted Pardalote
269,Dusky Moorhen
270,Galah
271,Rainbow Lorikeet
272,Rainbow Lorikeet
273,Dusky Moorhen
274,Rainbow Lorikeet
275,Spotted Pardalote
276,Dusky Moorhen
277,Rainbow Lorikeet
278,Rainbow Lorikeet
279,Spotted Pardalote
280,Rainbow Lorikeet
281,Rainbow Lorikeet
282,Dusky Moorhen
283,Rainbow Lorikeet
284,Spotted Pardalote
285,Rainbow Lorikeet
286,Rainbow Lorikeet
287,Dusky Moorhen
288,Rainbow Lorikeet
289,Dusky Moorhen
290,Dusky Moorhen
291,Rainbow Lorikeet
292,Galah
293,Dusky Moorhen
294,Dusky Moorhen
295,Galah
296,Rainbow Lorikeet
297,Spotted Pardalote
298,Dusky Moorhen
299,Spotted Pardalote
300,Galah
301,Dusky Moorhen
302,Rainbow Lorikeet
303,Rainbow Lorikeet
304,Rainbow Lorikeet
305,Rainbow Lorikeet
306,Spotted Pardalote
307,Galah
308,Dusky Moorhen
309,Rainbow Lorikeet
310,Galah
311,Rainbow Lorikeet
312,Rainbow Lorikeet
313,Dusky Moorhen
314,Spotted Pardalote
315,Spotted Pardalote
316,Spotted Pardalote
317,Rainbow Lorikeet
318,Dusky Moorhen
319,Dusky Moorhen
320,Rainbow Lorikeet
321,Umbrella tree
322,Rainbow Lorikeet
323,Dusky Moorhen
324,Galah
325,Rainbow Lorikeet
326,Rainbow Lorikeet
327,Rainbow Lorikeet
328,Galah
329,Rainbow Lorikeet
330,Spotted Pardalote
331,Rainbow Lorikeet
332,Galah
333,Rainbow Lorikeet
334,Rainbow Lorikeet
335,Rainbow Lorikeet
336,Rainbow Lorikeet
337,Dusky Moorhen
338,Galah
339,Rainbow Lorikeet
340,Spotted Pardalote
341,Rainbow Lorikeet
342,Rainbow Lorikeet
343,Dusky Moorhen
344,Rainbow Lorikeet
345,Dusky Moorhen
346,Rainbow Lorikeet
347,Umbrella tree
348,Rainbow Lorikeet
349,Spotted Pardalote
350,Galah
351,Rainbow Lorikeet
352,Spotted Pardalote
353,Dusky Moorhen
354,Dusky Moorhen
355,Rainbow Lorikeet
356,Dusky Moorhen
357,Rainbow Lorikeet
358,Rainbow Lorikeet
359,Rainbow Lorikeet
360,Rainbow Lorikeet
361,Dusky Moorhen
362,Galah
363,Dusky Moorhen
364,Rainbow Lorikeet
365,Dusky Moorhen
366,Rainbow Lorikeet
367,Rainbow Lorikeet
368,Rainbow Lorikeet
369,Rainbow Lorikeet
370,Rainbow Lorikeet
371,Galah
372,Rainbow Lorikeet
373,Galah
374,Galah
375,Galah
376,Rainbow Lorikeet
377,Spotted Pardalote
378,Dusky Moorhen
379,Rainbow Lorikeet
380,Rainbow Lorikeet
381,Galah
382,Rainbow Lorikeet
383,Dusky Moorhen
384,Galah
385,Spotted Pardalote
386,Rainbow Lorikeet
387,Dusky Moorhen
388,Dusky Moorhen
389,Spotted Pardalote
390,Galah
391,Dusky Moorhen
392,Spotted Pardalote
393,Rainbow Lorikeet
394,Rainbow Lorikeet
395,Dusky Moorhen
396,Rainbow Lorikeet
397,Dusky Moorhen
398,Rainbow Lorikeet
399,Dusky Moorhen
400,Rainbow Lorikeet
401,Rainbow Lorikeet
402,Rainbow Lorikeet
403,Dusky Moorhen
404,Spotted Pardalote
405,Rainbow Lorikeet
406,Dusky Moorhen
407,Galah
408,Rainbow Lorikeet
409,Rainbow Lorikeet
410,Rainbow Lorikeet
411,Rainbow Lorikeet
412,Spotted Pardalote
413,Galah
414,Spotted Pardalote
415,Umbrella tree
416,Umbrella tree
417,Rainbow Lorikeet
418,Rainbow Lorikeet
419,Dusky Moorhen
420,Dusky Moorhen
421,Dusky Moorhen
422,Spotted Pardalote
423,Galah
424,Spotted Pardalote
425,Dusky Moorhen
426,Rainbow Lorikeet
427,Dusky Moorhen
428,Dusky Moorhen
429,Dusky Moorhen
430,Rainbow Lorikeet
431,Spotted Pardalote
432,Spotted Pardalote
433,Dusky Moorhen
434,Dusky Moorhen
435,Dusky Moorhen
436,Rainbow Lorikeet
437,Rainbow Lorikeet
438,Spotted Pardalote
439,Rainbow Lorikeet
440,Dusky Moorhen
441,Rainbow Lorikeet
442,Rainbow Lorikeet
443,Spotted Pardalote
444,Rainbow Lorikeet
445,Dusky Moorhen
446,Rainbow Lorikeet
447,Dusky Moorhen
448,Spotted Pardalote
449,Rainbow Lorikeet
450,Dusky Moorhen
451,Spotted Pardalote
452,Rainbow Lorikeet
453,Rainbow Lorikeet
454,Rainbow Lorikeet
455,Spotted Pardalote
456,Galah
457,Rainbow Lorikeet
458,Dusky Moorhen
459,Rainbow Lorikeet
460,Spotted Pardalote
461,Dusky Moorhen
462,Rainbow Lorikeet
463,Dusky Moorhen
464,Dusky Moorhen
465,Umbrella tree
466,Galah
467,Rainbow Lorikeet
468,Rainbow Lorikeet
469,Rainbow Lorikeet
470,Dusky Moorhen
471,Rainbow Lorikeet
472,Rainbow Lorikeet
473,Umbrella tree
474,Dusky Moorhen
475,Dusky Moorhen
476,Rainbow Lorikeet
477,Rainbow Lorikeet
478,Spotted Pardalote
479,Dusky Moorhen
480,Rainbow Lorikeet
481,Rainbow Lorikeet
482,Dusky Moorhen
483,Rainbow Lorikeet
484,Dusky Moorhen
485,Rainbow Lorikeet
486,Rainbow Lorikeet
487,Umbrella tree
488,Rainbow Lorikeet
489,Spotted Pardalote
490,Galah
491,Galah
492,Rainbow Lorikeet
493,Galah
494,Galah
495,Rainbow Lorikeet
496,Dusky Moorhen
497,Dusky Moorhen
498,Dusky Moorhen
499,Spotted Pardalote
500,Rainbow Lorikeet
501,Dusky Moorhen
502,Rainbow Lorikeet
503,Dusky Moorhen
504,Rainbow Lorikeet
505,Rainbow Lorikeet
506,Rainbow Lorikeet
507,Rainbow Lorikeet
508,Dusky Moorhen
509,Dusky Moorhen
510,Rainbow Lorikeet
511,Rainbow Lorikeet
512,Dusky Moorhen
513,Dusky Moorhen
514,Rainbow Lorikeet
515,Rainbow Lorikeet
516,Umbrella tree
517,Spotted Pardalote
518,Dusky Moorhen
519,Rainbow Lorikeet
520,Dusky Moorhen
521,Rainbow Lorikeet
522,Galah
523,Rainbow Lorikeet
524,Rainbow Lorikeet
525,Galah
526,Dusky Moorhen
527,Rainbow Lorikeet
528,Dusky Moorhen
529,Rainbow Lorikeet
530,Umbrella tree
531,Dusky Moorhen
532,Rainbow Lorikeet
533,Rainbow Lorikeet
534,Rainbow Lorikeet
535,Galah
536,Dusky Moorhen
537,Spotted Pardalote
538,Rainbow Lorikeet
539,Rainbow Lorikeet
540,Dusky Moorhen
541,Galah
542,Dusky Moorhen
543,Umbrella tree
544,Spotted Pardalote
545,Rainbow Lorikeet
546,Dusky Moorhen
547,Umbrella tree
548,Rainbow Lorikeet
549,Rainbow Lorikeet
550,Umbrella tree
551,Dusky Moorhen
552,Umbrella tree
553,Spotted Pardalote
554,Rainbow Lorikeet
555,Galah
556,Dusky Moorhen
557,Rainbow Lorikeet
558,Rainbow Lorikeet
559,Spotted Pardalote
560,Rainbow Lorikeet
561,Dusky Moorhen
562,Rainbow Lorikeet
563,Rainbow Lorikeet
564,Spotted Pardalote
565,Spotted Pardalote
566,Spotted Pardalote
567,Galah
568,Rainbow Lorikeet
569,Galah
570,Rainbow Lorikeet
571,Rainbow Lorikeet
572,Dusky Moorhen
573,Spotted Pardalote
574,Rainbow Lorikeet
575,Umbrella tree
576,Rainbow Lorikeet
577,Dusky Moorhen
578,Galah
579,Dusky Moorhen
580,Rainbow Lorikeet
581,Rainbow Lorikeet
582,Rainbow Lorikeet
583,Rainbow Lorikeet
584,Dusky Moorhen
585,Rainbow Lorikeet
586,Rainbow Lorikeet
587,Rainbow Lorikeet
588,Rainbow Lorikeet
589,Spotted Pardalote
590,Dusky Moorhen
591,Spotted Pardalote
592,Galah
593,Rainbow Lorikeet
594,Dusky Moorhen
595,Dusky Moorhen
596,Spotted Pardalote
597,Rainbow Lorikeet
598,Rainbow Lorikeet
599,Rainbow Lorikeet
600,Dusky Moorhen
601,Dusky Moorhen
602,Spotted Pardalote
603,Spotted Pardalote
604,Dusky Moorhen
605,Rainbow Lorikeet
606,Dusky Moorhen
607,Dusky Moorhen
608,Galah
609,Rainbow Lorikeet
610,Rainbow Lorikeet
611,Umbrella tree
612,Umbrella tree
613,Rainbow Lorikeet
614,Galah
615,Spotted Pardalote
616,Rainbow Lorikeet
617,Rainbow Lorikeet
618,Rainbow Lorikeet
619,Rainbow Lorikeet
620,Rainbow Lorikeet
621,Spotted Pardalote
622,Spotted Pardalote
623,Rainbow Lorikeet
624,Spotted Pardalote
625,Rainbow Lorikeet
626,Spotted Pardalote
627,Dusky Moorhen
628,Rainbow Lorikeet
629,Spotted Pardalote
630,Galah
631,Spotted Pardalote
632,Dusky Moorhen
633,Spotted Pardalote
634,Dusky Moorhen
635,Rainbow Lorikeet
636,Dusky Moorhen
637,Rainbow Lorikeet
638,Dusky Moorhen
639,Rainbow Lorikeet
640,Spotted Pardalote
641,Umbrella tree
642,Galah
643,Rainbow Lorikeet
644,Dusky Moorhen
645,Dusky Moorhen
646,Rainbow Lorikeet
647,Rainbow Lorikeet
648,Rainbow Lorikeet
649,Umbrella tree
650,Rainbow Lorikeet
651,Galah
652,Umbrella tree
653,Rainbow Lorikeet
654,Rainbow Lorikeet
655,Rainbow Lorikeet
656,Dusky Moorhen
657,Rainbow Lorikeet
658,Rainbow Lorikeet
659,Spotted Pardalote
660,Dusky Moorhen
661,Rainbow Lorikeet
662,Rainbow Lorikeet
663,Rainbow Lorikeet
664,Dusky Moorhen
665,Galah
666,Spotted Pardalote
667,Dusky Moorhen
668,Rainbow Lorikeet
669,Rainbow Lorikeet
670,Dusky Moorhen
671,Dusky Moorhen
672,Rainbow Lorikeet
673,Rainbow Lorikeet
674,Rainbow Lorikeet
675,Spotted Pardalote
676,Dusky Moorhen
677,Rainbow Lorikeet
678,Dusky Moorhen
679,Dusky Moorhen
680,Dusky Moorhen
681,Dusky Moorhen
682,Dusky Moorhen
683,Rainbow Lorikeet
684,Spotted Pardalote
685,Dusky Moorhen
686,Rainbow Lorikeet
687,Rainbow Lorikeet
688,Rainbow Lorikeet
689,Rainbow Lorikeet
690,Rainbow Lorikeet
691,Dusky Moorhen
692,Rainbow Lorikeet
693,Rainbow Lorikeet
694,Dusky Moorhen
695,Rainbow Lorikeet
696,Galah
697,Galah
698,Dusky Moorhen
699,Rainbow Lorikeet
700,Dusky Moorhen
701,Dusky Moorhen
702,Galah
703,Dusky Moorhen
704,Galah
705,Dusky Moorhen
706,Rainbow Lorikeet
707,Galah
708,Spotted Pardalote
709,Rainbow Lorikeet
710,Spotted Pardalote
711,Rainbow Lorikeet
712,Dusky Moorhen
713,Rainbow Lorikeet
714,Dusky Moorhen
715,Galah
716,Dusky Moorhen
717,Rainbow Lorikeet
718,Galah
719,Dusky Moorhen
720,Dusky Moorhen
721,Rainbow Lorikeet
722,Dusky Moorhen
723,Rainbow Lorikeet
724,Galah
725,Spotted Pardalote
726,Rainbow Lorikeet
727,Rainbow Lorikeet
728,Dusky Moorhen
729,Rainbow Lorikeet
730,Rainbow Lorikeet
731,Dusky Moorhen
732,Dusky Moorhen
733,Dusky Moorhen
734,Rainbow Lorikeet
735,Rainbow Lorikeet
736,Rainbow Lorikeet
737,Spotted Pardalote
738,Dusky Moorhen
739,Rainbow Lorikeet
740,Rainbow Lorikeet
741,Dusky Moorhen
742,Spotted Pardalote
743,Dusky Moorhen
744,Spotted Pardalote
745,Galah
746,Dusky Moorhen
747,Rainbow Lorikeet
748,Rainbow Lorikeet
749,Spotted Pardalote
750,Rainbow Lorikeet
751,Rainbow Lorikeet
752,Dusky Moorhen
753,Rainbow Lorikeet
754,Rainbow Lorikeet
755,Dusky Moorhen
756,Rainbow Lorikeet
757,Rainbow Lorikeet
758,Spotted Pardalote
759,Rainbow Lorikeet
760,Rainbow Lorikeet
761,Rainbow Lorikeet
762,Spotted Pardalote
763,Rainbow Lorikeet
764,Spotted Pardalote
765,Rainbow Lorikeet
766,Spotted Pardalote
767,Dusky Moorhen
768,Rainbow Lorikeet
769,Rainbow Lorikeet
770,Rainbow Lorikeet
771,Rainbow Lorikeet
772,Rainbow Lorikeet
773,Rainbow Lorikeet
774,Rainbow Lorikeet
775,Spotted Pardalote
776,Rainbow Lorikeet
777,Rainbow Lorikeet
778,Rainbow Lorikeet
779,Galah
780,Dusky Moorhen
781,Dusky Moorhen
782,Spotted Pardalote
783,Rainbow Lorikeet
784,Spotted Pardalote
785,Dusky Moorhen
786,Rainbow Lorikeet
787,Rainbow Lorikeet
788,Dusky Moorhen
789,Rainbow Lorikeet
790,Galah
791,Rainbow Lorikeet
792,Spotted Pardalote
793,Rainbow Lorikeet
794,Rainbow Lorikeet
795,Dusky Moorhen
796,Dusky Moorhen
797,Dusky Moorhen
798,Rainbow Lorikeet
799,Dusky Moorhen
800,Rainbow Lorikeet
801,Dusky Moorhen
802,Rainbow Lorikeet
803,Rainbow Lorikeet
804,Rainbow Lorikeet
805,Rainbow Lorikeet
806,Galah
807,Rainbow Lorikeet
808,Rainbow Lorikeet
809,Dusky Moorhen
810,Galah
811,Dusky Moorhen
812,Dusky Moorhen
813,Dusky Moorhen
814,Spotted Pardalote
815,Galah
816,Spotted Pardalote
817,Spotted Pardalote
818,Dusky Moorhen
819,Spotted Pardalote
820,Spotted Pardalote
821,Rainbow Lorikeet
822,Rainbow Lorikeet
823,Spotted Pardalote
824,Rainbow Lorikeet
825,Rainbow Lorikeet
826,Rainbow Lorikeet
827,Rainbow Lorikeet
828,Rainbow Lorikeet
829,Dusky Moorhen
830,Rainbow Lorikeet
831,Dusky Moorhen
832,Rainbow Lorikeet
833,Spotted Pardalote
834,Rainbow Lorikeet
835,Rainbow Lorikeet
836,Spotted Pardalote
837,Dusky Moorhen
838,Rainbow Lorikeet
839,Dusky Moorhen
840,Galah
841,Rainbow Lorikeet
842,Rainbow Lorikeet
843,Dusky Moorhen
844,Rainbow Lorikeet
845,Rainbow Lorikeet
846,Rainbow Lorikeet
847,Rainbow Lorikeet
848,Spotted Pardalote
849,Spotted Pardalote
850,Dusky Moorhen
851,Spotted Pardalote
852,Spotted Pardalote
853,Rainbow Lorikeet
854,Rainbow Lorikeet
855,Rainbow Lorikeet
856,Rainbow Lorikeet
857,Dusky Moorhen
858,Rainbow Lorikeet
859,Spotted Pardalote
860,Galah
861,Spotted Pardalote
862,Spotted Pardalote
863,Rainbow Lorikeet
864,Rainbow Lorikeet
865,Spotted Pardalote
866,Dusky Moorhen
867,Rainbow Lorikeet
868,Rainbow Lorikeet
869,Rainbow Lorikeet
870,Galah
871,Dusky Moorhen
872,Dusky Moorhen
873,Rainbow Lorikeet
874,Umbrella tree
875,Umbrella tree
876,Dusky Moorhen
877,Rainbow Lorikeet
878,Umbrella tree
879,Dusky Moorhen
880,Dusky Moorhen
881,Rainbow Lorikeet
882,Rainbow Lorikeet
883,Rainbow Lorikeet
884,Dusky Moorhen
885,Spotted Pardalote
886,Rainbow Lorikeet
887,Rainbow Lorikeet
888,Spotted Pardalote
889,Spotted Pardalote
890,Rainbow Lorikeet
891,Dusky Moorhen
892,Dusky Moorhen
893,Galah
894,Galah
895,Galah
896,Rainbow Lorikeet
897,Spotted Pardalote
898,Dusky Moorhen
899,Galah
900,Galah
901,Rainbow Lorikeet
902,Dusky Moorhen
903,Dusky Moorhen
904,Dusky Moorhen
905,Galah
906,Galah
907,Spotted Pardalote
908,Rainbow Lorikeet
909,Dusky Moorhen
910,Umbrella tree
911,Rainbow Lorikeet
912,Umbrella tree
913,Galah
914,Rainbow Lorikeet
915,Spotted Pardalote
916,Rainbow Lorikeet
917,Galah
918,Dusky Moorhen
919,Spotted Pardalote
920,Galah
921,Dusky Moorhen
922,Rainbow Lorikeet
923,Umbrella tree
924,Dusky Moorhen
925,Dusky Moorhen
926,Galah
927,Rainbow Lorikeet
928,Rainbow Lorikeet
929,Umbrella tree
930,Dusky Moorhen
931,Rainbow Lorikeet
932,Galah
933,Spotted Pardalote
934,Umbrella tree
935,Spotted Pardalote
936,Spotted Pardalote
937,Dusky Moorhen
938,Umbrella tree
939,Dusky Moorhen
940,Galah
941,Dusky Moorhen
942,Dusky Moorhen
943,Umbrella tree
944,Spotted Pardalote
945,Umbrella tree
946,Dusky Moorhen
947,Rainbow Lorikeet
948,Spotted Pardalote
949,Galah
950,Dusky Moorhen
951,Rainbow Lorikeet
952,Rainbow Lorikeet
953,Rainbow Lorikeet
954,Spotted Pardalote
955,Spotted Pardalote
956,Rainbow Lorikeet
957,Rainbow Lorikeet
958,Galah
959,Rainbow Lorikeet
960,Spotted Pardalote
961,Spotted Pardalote
962,Galah
963,Galah
964,Dusky Moorhen
965,Spotted Pardalote
966,Spotted Pardalote
967,Rainbow Lorikeet
968,Dusky Moorhen
969,Umbrella tree
970,Spotted Pardalote
971,Galah
972,Rainbow Lorikeet
973,Dusky Moorhen
974,Dusky Moorhen
975,Spotted Pardalote
976,Dusky Moorhen
977,Dusky Moorhen
978,Rainbow Lorikeet
979,Dusky Moorhen
980,Rainbow Lorikeet
981,Galah
982,Galah
983,Spotted Pardalote
984,Spotted Pardalote
985,Spotted Pardalote
986,Rainbow Lorikeet
987,Rainbow Lorikeet
988,Spotted Pardalote
989,Rainbow Lorikeet
990,Galah
991,Rainbow Lorikeet
992,Rainbow Lorikeet
993,Galah
994,Rainbow Lorikeet
995,Dusky Moorhen
996,Dusky Moorhen
997,Galah
998,Galah
999,Spotted Pardalote
1000,Dusky Moorhen
1001,Rainbow Lorikeet
1002,Rainbow Lorikeet
1003,Rainbow Lorikeet
1004,Rainbow Lorikeet
1005,Rainbow Lorikeet
1006,Spotted Pardalote
1007,Rainbow Lorikeet
1008,Rainbow Lorikeet
1009,Rainbow Lorikeet
1010,Rainbow Lorikeet
1011,Spotted Pardalote
1012,Rainbow Lorikeet
1013,Dusky Moorhen
1014,Dusky Moorhen
1015,Rainbow Lorikeet
1016,Spotted Pardalote
1017,Spotted Pardalote
1018,Spotted Pardalote
1019,Galah
1020,Rainbow Lorikeet
1021,Rainbow Lorikeet
1022,Rainbow Lorikeet
1023,Rainbow Lorikeet
1024,Rainbow Lorikeet
1025,Rainbow Lorikeet
1026,Rainbow Lorikeet
1027,Dusky Moorhen
1028,Dusky Moorhen
1029,Spotted Pardalote
1030,Rainbow Lorikeet
1031,Spotted Pardalote
1032,Rainbow Lorikeet
1033,Rainbow Lorikeet
1034,Rainbow Lorikeet
1035,Dusky Moorhen
1036,Galah
1037,Rainbow Lorikeet
1038,Galah
1039,Dusky Moorhen
1040,Rainbow Lorikeet
1041,Dusky Moorhen
1042,Rainbow Lorikeet
1043,Rainbow Lorikeet
1044,Dusky Moorhen
1045,Spotted Pardalote
1046,Dusky Moorhen
1047,Rainbow Lorikeet
1048,Dusky Moorhen
1049,Dusky Moorhen
1050,Dusky Moorhen
1051,Rainbow Lorikeet
1052,Rainbow Lorikeet
1053,Rainbow Lorikeet
1054,Spotted Pardalote
1055,Rainbow Lorikeet
1056,Dusky Moorhen
1057,Galah
1058,Rainbow Lorikeet
1059,Dusky Moorhen
1060,Rainbow Lorikeet
1061,Rainbow Lorikeet
1062,Spotted Pardalote
1063,Rainbow Lorikeet
1064,Spotted Pardalote
1065,Rainbow Lorikeet
1066,Dusky Moorhen
1067,Rainbow Lorikeet
1068,Galah
1069,Rainbow Lorikeet
1070,Rainbow Lorikeet
1071,Galah
1072,Spotted Pardalote
1073,Rainbow Lorikeet
1074,Spotted Pardalote
1075,Galah
1076,Dusky Moorhen
1077,Spotted Pardalote
1078,Dusky Moorhen
1079,Spotted Pardalote
1080,Rainbow Lorikeet
1081,Galah
1082,Rainbow Lorikeet
1083,Dusky Moorhen
1084,Dusky Moorhen
1085,Spotted Pardalote
1086,Rainbow Lorikeet
1087,Rainbow Lorikeet
1088,Rainbow Lorikeet
1089,Rainbow Lorikeet
1090,Rainbow Lorikeet
1091,Dusky Moorhen
1092,Dusky Moorhen
1093,Rainbow Lorikeet
1094,Rainbow Lorikeet
1095,Dusky Moorhen
1096,Rainbow Lorikeet
1097,Dusky Moorhen
1098,Umbrella tree
1099,Umbrella tree
1100,Rainbow Lorikeet
1101,Spotted Pardalote
1102,Galah
1103,Rainbow Lorikeet
1104,Rainbow Lorikeet
1105,Galah
1106,Dusky Moorhen
1107,Spotted Pardalote
1108,Galah
1109,Rainbow Lorikeet
1110,Dusky Moorhen
1111,Rainbow Lorikeet
1112,Spotted Pardalote
1113,Spotted Pardalote
1114,Galah
1115,Umbrella tree
1116,Spotted Pardalote
1117,Spotted Pardalote
1118,Rainbow Lorikeet
1119,Spotted Pardalote
1120,Rainbow Lorikeet
1121,Galah
1122,Galah
1123,Galah
1124,Umbrella tree
1125,Rainbow Lorikeet
1126,Spotted Pardalote
1127,Rainbow Lorikeet
1128,Umbrella tree
1129,Rainbow Lorikeet
1130,Rainbow Lorikeet
1131,Umbrella tree
1132,Spotted Pardalote
1133,Dusky Moorhen
1134,Dusky Moorhen
1135,Rainbow Lorikeet
1136,Spotted Pardalote
1137,Spotted Pardalote
1138,Rainbow Lorikeet
1139,Umbrella tree
1140,Rainbow Lorikeet
1141,Dusky Moorhen
1142,Dusky Moorhen
1143,Umbrella tree
1144,Galah
1145,Rainbow Lorikeet
1146,Galah
1147,Rainbow Lorikeet
1148,Umbrella tree
1149,Rainbow Lorikeet
1150,Rainbow Lorikeet
1151,Galah
1152,Galah
1153,Rainbow Lorikeet
1154,Dusky Moorhen
1155,Dusky Moorhen
1156,Spotted Pardalote
1157,Umbrella tree
1158,Dusky Moorhen
1159,Umbrella tree
1160,Umbrella tree
1161,Spotted Pardalote
1162,Rainbow Lorikeet
1163,Dusky Moorhen
1164,Rainbow Lorikeet
1165,Dusky Moorhen
1166,Umbrella tree
1167,Rainbow Lorikeet
1168,Umbrella tree
